1,1,Hong Kong,China,682
2,2,New York City,United States,1266
3,3,Dubai,United Arab Emirates,270
4,4,Tokyo,Japan,338
5,5,Shanghai,China,345
6,6,Chicago,United States,425
7,7,Guangzhou,China,146
8,8,Chongqing,China,120
9,9,Shenzhen,China,109
10,10,Singapore,Singapore,186
11,11,Chengdu,China,84
12,11,Seoul,South Korea,143
13,13,Jakarta,Indonesia,345
14,14,Bangkok,Thailand,94
15,14,Shenyang,China,57
16,16,Panama City,Panama,78
17,17,Kuala Lumpur,Malaysia,78
18,18,Busan,South Korea,77
19,19,Nanjing,China,53
20,20,Tianjin,China,47
21,21,Toronto,Canada,449
22,22,Osaka,Japan,74
23,23,Moscow,Russia,165
24,24,Houston,United States,185
25,24,Istanbul,Turkey,77
26,24,Makati,Philippines,54
27,27,Sydney,Australia,356
28,28,Abu Dhabi,United Arab Emirates,55
29,28,Incheon,South Korea,56
30,28,Miami,United States,107
31,31,Dalian,China,54
32,31,Melbourne,Australia,180
33,33,Mumbai,India,105
34,33,Wuhan,China,42
35,35,Beijing,China,95
36,36,Doha,Qatar,104
37,37,Xiamen,China,39
38,38,Hangzhou,China,33
39,38,Los Angeles,United States,81
40,40,Nanchang,China,25
41,40,San Francisco,United States,109
42,42,Dallas,United States,102
43,43,Boston,United States,73
44,44,Macau,China,37
45,45,Atlanta,United States,87
46,45,London,United Kingdom,102
47,45,Qingdao,China,20
48,45,Wuxi,China,24
49,49,Calgary,Canada,84
50,49,Changsha,China,23
51,49,Mexico City,Mexico,92
52,49,Seattle,United States,82
53,49,Suzhou,China,18
54,54,Frankfurt am Main,Germany,42
55,54,Fuzhou,China,23
56,54,Goyang,South Korea,14
57,54,Las Vegas,United States,64
58,54,Mandaluyong,Philippines,14
59,59,Kuwait City,Kuwait,22
60,60,Brisbane,Australia,81
61,60,Courbevoie,France,25
62,60,Hefei,China,15
63,60,Manama,Bahrain,17
64,60,Taipei,Republic of China (Taiwan),32
65,65,Jinan,China,13
66,65,Nanning,China,14
67,65,Philadelphia,United States,151
68,65,SÃ£o Paulo,Brazil,68
69,69,Daejeon,South Korea,14
70,69,Pittsburgh,United States,52
71,69,Taichung,Republic of China (Taiwan),18
72,72,Buenos Aires,Argentina,74
73,72,Minneapolis,United States,47
74,72,Nagoya,Japan,10
75,72,Pattaya,Thailand,16
76,76,Detroit,United States,33
77,76,Jersey City,United States,61
78,76,Sharjah,United Arab Emirates,42
79,76,Shijiazhuang,China,11
80,80,Denver,United States,39
81,80,Dongguan,China,7
82,80,Gold Coast,Australia,92
83,80,Guiyang,China,8
84,80,Hanoi,Vietnam,20
85,80,Mecca,Saudi Arabia,7
86,80,Montreal,Canada,38
87,80,Riyadh,Saudi Arabia,24
88,80,Tel Aviv,Israel,53
89,80,Warsaw,Poland,25
90,80,Yokohama,Japan,37
91,91,Banciao City,Republic of China (Taiwan),7
92,91,Bogota,Colombia,11
93,91,Charlotte,United States,29
94,91,Daegu,South Korea,10
95,91,Ho Chi Minh City,Vietnam,34
96,91,Kaohsiung,Republic of China (Taiwan),31
97,91,Kawasaki,Japan,13
98,91,Kobe,Japan,13
99,91,Kunming,China,8
100,91,Monterrey,Mexico,11
101,91,Pasig,Philippines,7
102,91,Sunny Isles Beach,United States,22
103,91,Urumqi,China,8
104,91,Xi An,China,13
105,105,Ankara,Turkey,44
106,105,Balneario Camboriu,Brazil,14
107,105,Columbus,United States,32
108,105,Foshan,China,15
109,105,Madrid,Spain,19
110,105,Manila,Philippines,12
111,105,Ningbo,China,6
112,105,Perth,Australia,59
113,105,Rotterdam,Netherlands,102
114,105,Taguig City,Philippines,16
115,105,Ulsan,South Korea,5
116,105,Wenzhou,China,6
117,117,Baku,Azerbaijan,15
118,117,Caracas,Venezuela,105
119,117,Chiba,Japan,4
120,117,Cleveland,United States,21
121,117,Haikou,China,4
122,117,Harbin,China,4
123,117,Huizhou,China,11
124,117,Hwaseong,South Korea,4
125,117,Jeddah,Saudi Arabia,9
126,117,Kolkata,India,9
127,117,New Orleans,United States,22
128,117,New Taipei City,Republic of China (Taiwan),5
129,117,Taiyuan,China,4
130,117,Tampa,United States,17
131,117,Tangerang,Indonesia,29
132,117,Tulsa,United States,23
133,117,Zhengzhou,China,5
134,134,Astana,Kazakhstan,13
135,134,Austin,United States,42
136,134,Baltimore,United States,29
137,134,Changchun,China,3
138,134,Changzhou,China,3
139,134,Cincinnati,United States,21
140,134,Fort Worth,United States,21
141,134,Hartford,United States,21
142,134,Indianapolis,United States,18
143,134,Johannesburg,South Africa,18
144,134,Lanzhou,China,4
145,134,Liuzhou,China,4
146,134,Milan,Italy,59
147,134,Oklahoma City,United States,6
148,134,Penang,Malaysia,5
149,134,Portland,United States,11
150,134,Puteaux,France,18
151,134,Ramat Gan,Israel,7
152,134,Rio de Janeiro,Brazil,50
153,134,San Diego,United States,30
154,134,St. Louis,United States,32
155,134,Surabaya (Java),Indonesia,77
156,134,Vienna,Austria,38
157,134,Wuhu,China,3
158,134,Yantai,China,3
159,134,Yekaterinburg,Russia,140
160,160,Al Fujayrah,United Arab Emirates,2
161,160,Anyang,South Korea,2
162,160,Atlantic City,United States,31
163,160,Auckland,New Zealand,44
164,160,Barcelona,Spain,40
165,160,Barranquilla,Colombia,2
166,160,Benidorm,Spain,29
167,160,Bucheon,South Korea,2
168,160,Cartagena,Colombia,4
169,160,Changwon,South Korea,6
170,160,Colombo,Sri Lanka,6
171,160,Curitiba,Brazil,10
172,160,Da Nang,Vietnam,3
173,160,Dar es Salaam,Tanzania,6
174,160,Huzhou,China,3
175,160,Hyderabad,India,6
176,160,Izmir,Turkey,4
177,160,Jacksonville,United States,7
178,160,Jiangyin,China,2
179,160,Kansas City,United States,16
180,160,Louisville,United States,11
181,160,Luoyang,China,2
182,160,Lyon,France,4
183,160,Medellin,Colombia,8
184,160,Miami Beach,United States,22
185,160,Milwaukee,United States,18
186,160,Mississauga,Canada,44
187,160,Nanterre,France,5
188,160,Nantong,China,2
189,160,Nha Trang,Vietnam,3
190,160,Ordos,China,6
191,160,Pyongyang,North Korea,7
192,160,Quanzhou,China,2
193,160,Saitama,Japan,2
194,160,Sandy Springs,United States,2
195,160,Santiago,Chile,23
196,160,Sendai (Miyagi),Japan,13
197,160,Vancouver,Canada,207
198,160,Zapopan,Mexico,7
199,160,Zhongshan,China,2
200,200,Ajman,United Arab Emirates,14